"id","region","total_cc","imported_cc","sub_total_epilinks_cc","shincheonji_cc","small_clusters_cc","contacts_cc","epi_link_imported_cc","other_cc","new_cc","target_1_dates"
1,"Seoul","347","58","259","7","194","35","23","30","13",2020-03-25
1,"Busan","112","2","76","11","49","16","0","34","1",2020-03-25
1,"Daegu","6456","2","5427","4387","321","719","0","1027","14",2020-03-25
1,"Incheon","42","6","34","2","27","3","2","2","1",2020-03-25
1,"Gwangju","19","4","14","9","0","2","3","1","0",2020-03-25
1,"Daejeon","24","0","14","2","9","3","0","10","0",2020-03-25
1,"Ulsan","37","6","24","16","1","4","3","7","1",2020-03-25
1,"Sejong","44","0","41","1","37","3","0","3","2",2020-03-25
1,"Gyeonggi","387","36","298","30","204","54","10","53","21",2020-03-25
1,"Gangwon","31","2","23","18","5","0","0","6","1",2020-03-25
1,"Chung-buk","38","0","30","12","11","7","0","8","0",2020-03-25
1,"Chung-nam","123","4","112","0","112","0","0","7","3",2020-03-25
1,"Jeon-buk","10","3","1","1","0","0","0","6","0",2020-03-25
1,"Jeon-nam","8","0","4","1","0","2","1","4","2",2020-03-25
1,"Gyeong-buk","1262","0","1103","551","379","172","1","159","5",2020-03-25
1,"Gyeong-nam","90","2","72","32","35","5","0","16","0",2020-03-25
1,"Jeju","6","1","0","0","0","0","0","5","2",2020-03-25
1,"Airport","101","101","0","0","0","0","0","0","34",2020-03-25
2,"Seoul","360","68","266","7","197","37","25","26","13",2020-03-26
2,"Busan","112","2","76","11","49","16","0","34","0",2020-03-26
2,"Daegu","43","7","34","2","27","3","2","2","1",2020-03-26
2,"Incheon","19","4","14","9","0","2","3","1","0",2020-03-26
2,"Gwangju","30","1","18","2","10","6","0","11","6",2020-03-26
2,"Daejeon","37","6","24","16","1","4","3","7","0",2020-03-26
2,"Ulsan","44","0","42","1","38","3","0","2","0",2020-03-26
2,"Sejong","401","47","309","29","210","57","13","45","14",2020-03-26
2,"Gyeonggi","31","2","22","17","5","0","0","7","0",2020-03-26
2,"Gangwon","39","0","26","6","11","9","0","13","1",2020-03-26
2,"Chung-buk","124","5","112","0","112","0","0","7","1",2020-03-26
2,"Chung-nam","10","3","1","1","0","0","0","6","0",2020-03-26
2,"Jeon-buk","8","1","4","1","0","2","1","3","0",2020-03-26
2,"Jeon-nam","1274","1","1115","554","388","172","1","158","12",2020-03-26
2,"Gyeong-buk","90","2","72","32","35","5","0","16","0",2020-03-26
2,"Gyeong-nam","6","2","0","0","0","0","0","4","0",2020-03-26
2,"Jeju","131","131","0","0","0","0","0","0","30",2020-03-26
2,"Airport",NA,NA,NA,NA,NA,NA,NA,NA,NA,2020-03-26
3,"Seoul","372","74","268","7","198","37","26","30","12",2020-03-27
3,"Busan","113","2","76","11","49","16","0","35","1",2020-03-27
3,"Daegu","6516","2","5487","4391","366","730","0","1027","34",2020-03-27
3,"Incheon","46","8","34","2","27","3","2","4","3",2020-03-27
3,"Gwangju","20","4","14","9","0","2","3","2","1",2020-03-27
3,"Daejeon","31","2","18","2","10","6","0","11","1",2020-03-27
3,"Ulsan","39","7","24","16","1","4","3","8","2",2020-03-27
3,"Sejong","44","0","42","1","38","3","0","2","0",2020-03-27
3,"Gyeonggi","412","49","315","29","210","60","16","48","11",2020-03-27
3,"Gangwon","31","2","22","17","5","0","0","7","0",2020-03-27
3,"Chung-buk","41","1","28","6","11","11","0","12","2",2020-03-27
3,"Chung-nam","124","5","112","0","112","0","0","7","0",2020-03-27
3,"Jeon-buk","10","3","1","1","0","0","0","6","0",2020-03-27
3,"Jeon-nam","8","1","4","1","0","2","1","3","0",2020-03-27
3,"Gyeong-buk","1283","1","1117","554","390","172","1","165","9",2020-03-27
3,"Gyeong-nam","91","2","73","32","35","6","0","16","1",2020-03-27
3,"Jeju",NA,NA,NA,NA,NA,NA,NA,NA,NA,2020-03-27
3,"Airport",NA,NA,NA,NA,NA,NA,NA,NA,NA,2020-03-27
4,"Seoul","390","83","272","7","201","34","30","35","18",2020-03-28
4,"Busan","114","4","76","11","49","16","0","34","1",2020-03-28
4,"Daegu","6587","2","5562","4400","430","732","0","1023","71",2020-03-28
4,"Incheon","51","14","34","2","27","3","2","3","5",2020-03-28
4,"Gwangju","20","5","14","9","0","2","3","1","0",2020-03-28
4,"Daejeon","31","3","18","2","10","6","0","10","0",2020-03-28
4,"Ulsan","39","8","24","16","1","4","3","7","0",2020-03-28
4,"Sejong","44","0","42","1","38","3","0","2","0",2020-03-28
4,"Gyeonggi","433","55","333","29","223","64","17","45","21",2020-03-28
4,"Gangwon","32","3","22","17","5","0","0","7","1",2020-03-28
4,"Chung-buk","41","2","27","6","11","10","0","12","0",2020-03-28
4,"Chung-nam","126","5","113","0","112","1","0","8","2",2020-03-28
4,"Jeon-buk","10","3","1","1","0","0","0","6","0",2020-03-28
4,"Jeon-nam","8","1","4","1","0","2","1","3","0",2020-03-28
4,"Gyeong-buk","1285","1","1120","555","390","174","1","164","2",2020-03-28
4,"Gyeong-nam","91","3","72","32","35","5","0","16","0",2020-03-28
4,"Jeju","8","3","0","0","0","0","0","5","1",2020-03-28
4,"Airport","168","168","0","0","0","0","0","0","24",2020-03-28
5,"Seoul","410","92","281","7","207","35","32","37","20",2020-03-29
5,"Busan","117","5","76","11","49","16","0","36","3",2020-03-29
5,"Daegu","6610","3","5584","4400","450","732","2","1023","23",2020-03-29
5,"Incheon","58","15","36","2","28","4","2","7","7",2020-03-29
5,"Gwangju","20","5","14","9","0","2","3","1","0",2020-03-29
5,"Daejeon","34","4","20","2","11","7","0","10","3",2020-03-29
5,"Ulsan","39","8","24","16","1","4","3","7","0",2020-03-29
5,"Sejong","46","0","42","1","38","3","0","4","2",2020-03-29
5,"Gyeonggi","448","64","335","29","228","60","18","49","15",2020-03-29
5,"Gangwon","34","4","22","17","5","0","0","8","2",2020-03-29
5,"Chung-buk","41","2","27","6","11","10","0","12","0",2020-03-29
5,"Chung-nam","127","7","113","0","112","1","0","7","1",2020-03-29
5,"Jeon-buk","12","3","1","1","0","0","0","8","2",2020-03-29
5,"Jeon-nam","9","1","4","1","2","2","1","2","1",2020-03-29
5,"Gyeong-buk","1287","1","1121","555","390","175","1","165","2",2020-03-29
5,"Gyeong-nam","94","5","72","32","35","5","0","17","3",2020-03-29
5,"Jeju","8","4","0","0","0","0","0","4","0",2020-03-29
5,"Airport","189","189","0","0","0","0","0","0","21",2020-03-29
6,"Seoul","426","109","284","7","209","32","36","33","16",2020-03-30
6,"Busan","118","8","80","12","50","18","0","30","1",2020-03-30
6,"Daegu","6624","4","5871","4467","489","913","2","749","14",2020-03-30
6,"Incheon","58","19","36","2","29","3","2","3","0",2020-03-30
6,"Gwangju","20","5","14","9","0","2","3","1","0",2020-03-30
6,"Daejeon","34","4","21","2","11","8","0","9","0",2020-03-30
6,"Ulsan","39","8","24","16","1","4","3","7","0",2020-03-30
6,"Sejong","46","3","42","1","38","3","0","1","0",2020-03-30
6,"Gyeonggi","463","79","342","29","237","58","18","42","15",2020-03-30
6,"Gangwon","36","5","23","17","5","1","0","8","2",2020-03-30
6,"Chung-buk","44","3","32","6","11","15","0","9","3",2020-03-30
6,"Chung-nam","127","7","113","0","112","1","0","7","0",2020-03-30
6,"Jeon-buk","13","5","1","1","0","0","0","7","1",2020-03-30
6,"Jeon-nam","9","2","6","1","2","2","1","1","0",2020-03-30
6,"Gyeong-buk","1298","2","1162","559","409","193","1","134","11",2020-03-30
6,"Gyeong-nam","95","6","72","32","35","5","0","17","1",2020-03-30
6,"Jeju","9","5","0","0","0","0","0","4","1",2020-03-30
6,"Airport","202","202","0","0","0","0","0","0","13",2020-03-30
7,"Seoul","450","119","293","7","217","32","37","38","24",2020-03-31
7,"Busan","119","8","80","12","50","18","0","31","1",2020-03-31
7,"Daegu","6684","5","5930","4468","545","914","3","749","60",2020-03-31
7,"Incheon","64","21","36","2","29","3","2","7","6",2020-03-31
7,"Gwangju","20","5","14","9","0","2","3","1","0",2020-03-31
7,"Daejeon","36","4","21","2","11","8","0","11","2",2020-03-31
7,"Ulsan","39","8","24","16","1","4","3","7","0",2020-03-31
7,"Sejong","46","3","42","1","38","3","0","1","0",2020-03-31
7,"Gyeonggi","476","86","348","29","243","58","18","42","13",2020-03-31
7,"Gangwon","36","6","22","17","5","0","0","8","0",2020-03-31
7,"Chung-buk","44","4","32","6","11","13","2","8","0",2020-03-31
7,"Chung-nam","128","7","113","0","112","1","0","8","1",2020-03-31
7,"Jeon-buk","13","6","1","1","0","0","0","6","0",2020-03-31
7,"Jeon-nam","9","2","6","1","2","2","1","1","0",2020-03-31
7,"Gyeong-buk","1300","5","1162","559","409","193","1","133","2",2020-03-31
7,"Gyeong-nam","96","7","72","32","35","5","0","17","1",2020-03-31
7,"Jeju","9","5","0","0","0","0","0","4","0",2020-03-31
7,"Airport","217","217","0","0","0","0","0","0","15",2020-03-31
8,"Seoul","474","127","310","7","228","37","38","37","24",2020-04-01
8,"Busan","122","12","80","12","50","18","0","30","3",2020-04-01
8,"Daegu","6704","5","5961","4477","563","918","3","738","20",2020-04-01
8,"Incheon","69","25","40","2","31","4","3","4","5",2020-04-01
8,"Gwangju","24","6","15","9","0","3","3","3","4",2020-04-01
8,"Daejeon","36","6","21","2","11","8","0","9","0",2020-04-01
8,"Ulsan","39","8","24","16","1","4","3","7","0",2020-04-01
8,"Sejong","46","3","42","1","38","3","0","1","0",2020-04-01
8,"Gyeonggi","499","96","359","29","251","61","18","44","23",2020-04-01
8,"Gangwon","38","7","23","17","5","1","0","8","2",2020-04-01
8,"Chung-buk","44","4","31","5","11","13","2","9","0",2020-04-01
8,"Chung-nam","131","8","114","0","112","2","0","9","3",2020-04-01
8,"Jeon-buk","14","6","1","1","0","0","0","7","1",2020-04-01
8,"Jeon-nam","12","4","6","1","2","2","1","2","3",2020-04-01
8,"Gyeong-buk","1302","5","1164","559","411","193","1","133","2",2020-04-01
8,"Gyeong-nam","100","9","72","32","35","5","0","19","4",2020-04-01
8,"Jeju","9","5","0","0","0","0","0","4","0",2020-04-01
8,"Airport","224","224","0","0","0","0","0","0","7",2020-04-01
9,"Seoul","488","134","314","7","237","30","40","40","14",2020-04-02
9,"Busan","122","12","80","12","50","18","0","30","0",2020-04-02
9,"Daegu","6725","6","5979","4477","578","921","3","740","21",2020-04-02
9,"Incheon","73","27","43","2","31","6","4","3","4",2020-04-02
9,"Gwangju","25","8","16","9","0","1","6","1","1",2020-04-02
9,"Daejeon","36","6","21","2","11","8","0","9","0",2020-04-02
9,"Ulsan","40","8","24","16","1","4","3","8","1",2020-04-02
9,"Sejong","46","3","42","1","38","3","0","1","0",2020-04-02
9,"Gyeonggi","516","102","371","29","262","61","19","43","17",2020-04-02
9,"Gangwon","39","8","23","17","6","0","0","8","1",2020-04-02
9,"Chung-buk","44","4","32","6","18","6","2","8","0",2020-04-02
9,"Chung-nam","133","8","117","0","114","3","0","8","2",2020-04-02
9,"Jeon-buk","14","6","3","1","2","0","0","5","0",2020-04-02
9,"Jeon-nam","14","5","7","1","3","2","1","2","2",2020-04-02
9,"Gyeong-buk","1304","7","1164","562","412","189","1","133","2",2020-04-02
9,"Gyeong-nam","106","10","76","32","37","7","0","20","6",2020-04-02
9,"Jeju","9","5","0","0","0","0","0","4","0",2020-04-02
9,"Airport","242","242","0","0","0","0","0","0","18",2020-04-02
10,"Seoul","506","148","319","7","239","31","42","39","18",2020-04-03
10,"Busan","122","12","80","12","50","18","0","30","0",2020-04-03
10,"Daegu","6734","7","5986","4478","582","923","3","741","9",2020-04-03
10,"Incheon","74","27","43","2","33","4","4","4","1",2020-04-03
10,"Gwangju","26","9","16","9","0","1","6","1","1",2020-04-03
10,"Daejeon","36","6","21","2","11","8","0","9","0",2020-04-03
10,"Ulsan","40","9","24","16","1","4","3","7","0",2020-04-03
10,"Sejong","46","3","42","1","38","3","0","1","0",2020-04-03
10,"Gyeonggi","539","107","389","29","274","63","23","43","23",2020-04-03
10,"Gangwon","41","8","25","17","6","2","0","8","2",2020-04-03
10,"Chung-buk","45","4","32","6","18","6","2","9","1",2020-04-03
10,"Chung-nam","134","8","119","0","118","1","0","7","1",2020-04-03
10,"Jeon-buk","15","6","3","1","2","0","0","6","1",2020-04-03
10,"Jeon-nam","15","6","7","1","3","2","1","2","1",2020-04-03
10,"Gyeong-buk","1309","7","1168","562","413","192","1","134","5",2020-04-03
10,"Gyeong-nam","107","11","78","32","41","5","0","18","1",2020-04-03
10,"Jeju","9","5","0","0","0","0","0","4","0",2020-04-03
10,"Airport","264","264","0","0","0","0","0","0","22",2020-04-03
11,"Seoul","528","162","321","7","240","26","48","45","22",2020-04-04
11,"Busan","122","12","80","12","50","18","0","30","0",2020-04-04
11,"Daegu","6761","8","6010","4480","608","919","3","743","27",2020-04-04
11,"Incheon","77","29","44","2","34","4","4","4","3",2020-04-04
11,"Gwangju","26","10","16","9","0","1","6","0","0",2020-04-04
11,"Daejeon","36","6","21","2","11","8","0","9","0",2020-04-04
11,"Ulsan","40","9","24","16","1","4","3","7","0",2020-04-04
11,"Sejong","46","3","42","1","38","3","0","1","0",2020-04-04
11,"Gyeonggi","562","110","408","29","279","66","34","44","23",2020-04-04
11,"Gangwon","42","8","26","17","8","1","0","8","1",2020-04-04
11,"Chung-buk","45","5","32","6","18","6","2","8","0",2020-04-04
11,"Chung-nam","135","8","119","0","117","1","1","8","1",2020-04-04
11,"Jeon-buk","15","7","3","1","2","0","0","5","0",2020-04-04
11,"Jeon-nam","15","7","7","1","3","2","1","1","0",2020-04-04
11,"Gyeong-buk","8","1167","562","414","190","1","135","1","Home (68) pilgrimage to Israel",2020-04-04
11,"Gyeong-nam","108","12","79","32","42","5","0","17","1",2020-04-04
11,"Jeju","9","5","0","0","0","0","0","4","0",2020-04-04
11,"Airport","279","279","0","0","0","0","0","0","15",2020-04-04
12,"Seoul","552","179","334","7","244","29","54","39","24",2020-04-05
12,"Busan","122","12","80","12","50","18","0","30","0",2020-04-05
12,"Daegu","10","6041","4506","614","918","3","717","7","Hospital (124) Daesil",2020-04-05
12,"Incheon","79","31","44","2","34","4","4","4","2",2020-04-05
12,"Gwangju","27","11","16","9","0","1","6","0","1",2020-04-05
12,"Daejeon","37","6","22","2","11","9","0","9","1",2020-04-05
12,"Ulsan","40","9","24","16","1","4","3","7","0",2020-04-05
12,"Sejong","46","3","42","1","38","3","0","1","0",2020-04-05
12,"Gyeonggi","572","114","411","29","282","61","39","47","10",2020-04-05
12,"Gangwon","45","9","28","17","10","1","0","8","3",2020-04-05
12,"Chung-buk","45","5","32","6","18","6","2","8","0",2020-04-05
12,"Chung-nam","135","8","119","0","117","1","1","8","0",2020-04-05
12,"Jeon-buk","16","7","3","1","2","0","0","6","1",2020-04-05
12,"Jeon-nam","15","7","7","1","3","2","1","1","0",2020-04-05
12,"Gyeong-buk","9","1172","566","415","190","1","133","4","Home (68) pilgrimage to Israel",2020-04-05
12,"Gyeong-nam","109","12","80","32","42","6","0","17","1",2020-04-05
12,"Jeju","12","6","1","0","0","0","1","5","3",2020-04-05
12,"Airport","303","303","0","0","0","0","0","0","24",2020-04-05
13,"Seoul","563","187","340","7","248","28","57","36","11",2020-04-06
13,"Busan","122","12","80","12","50","18","0","30","0",2020-04-06
13,"Daegu","6781","11","6056","4507","625","920","4","714","13",2020-04-06
13,"Incheon","80","31","45","2","34","5","4","4","1",2020-04-06
13,"Gwangju","27","11","16","9","0","1","6","0","0",2020-04-06
13,"Daejeon","39","8","21","2","11","8","0","10","2",2020-04-06
13,"Ulsan","40","9","24","16","1","4","3","7","0",2020-04-06
13,"Sejong","46","3","42","1","38","3","0","1","0",2020-04-06
13,"Gyeonggi","580","122","414","29","287","60","38","44","8",2020-04-06
13,"Gangwon","45","9","28","17","11","0","0","8","0",2020-04-06
13,"Chung-buk","45","5","32","6","18","6","2","8","0",2020-04-06
13,"Chung-nam","136","8","119","0","117","1","1","9","1",2020-04-06
13,"Jeon-buk","16","7","4","1","3","0","0","5","0",2020-04-06
13,"Jeon-nam","15","7","5","1","1","2","1","1","0",2020-04-06
13,"Gyeong-buk","1316","9","1174","566","417","190","1","133","2",2020-04-06
13,"Gyeong-nam","111","13","80","32","43","5","0","18","2",2020-04-06
13,"Jeju","12","7","1","0","0","0","1","4","0",2020-04-06
13,"Airport","310","310","0","0","0","0","0","0","7",2020-04-06
14,"Seoul","567","200","340","7","248","27","58","27","4",2020-04-07
14,"Busan","123","12","80","12","50","18","0","31","1",2020-04-07
14,"Daegu","6794","12","6067","4508","636","919","4","715","13",2020-04-07
14,"Incheon","80","31","45","2","34","5","4","4","0",2020-04-07
14,"Gwangju","27","11","16","9","0","1","6","0","0",2020-04-07
14,"Daejeon","39","9","21","2","11","8","0","9","0",2020-04-07
14,"Ulsan","40","9","24","16","1","4","3","7","0",2020-04-07
14,"Sejong","46","3","42","1","38","3","0","1","0",2020-04-07
14,"Gyeonggi","590","125","421","29","292","62","38","44","10",2020-04-07
14,"Gangwon","47","10","28","17","11","0","0","9","2",2020-04-07
14,"Chung-buk","45","5","32","6","18","6","2","8","0",2020-04-07
14,"Chung-nam","137","8","120","0","118","1","1","9","1",2020-04-07
14,"Jeon-buk","16","7","4","1","3","0","0","5","0",2020-04-07
14,"Jeon-nam","15","7","7","1","3","2","1","1","0",2020-04-07
14,"Gyeong-buk","1317","9","1175","566","417","191","1","133","1",2020-04-07
14,"Gyeong-nam","112","13","81","32","43","6","0","18","1",2020-04-07
14,"Jeju","12","7","1","0","0","0","1","4","0",2020-04-07
14,"Airport","324","324","0","0","0","0","0","0","14",2020-04-07
15,"Seoul","578","207","341","7","248","26","60","30","11",2020-04-08
15,"Busan","125","15","81","12","50","18","1","29","2",2020-04-08
15,"Daegu","6803","12","6075","4508","640","923","4","716","9",2020-04-08
15,"Incheon","84","31","45","2","34","5","4","8","4",2020-04-08
15,"Gwangju","27","11","16","9","0","1","6","0","0",2020-04-08
15,"Daejeon","39","9","21","2","11","8","0","9","0",2020-04-08
15,"Ulsan","40","9","24","16","1","4","3","7","0",2020-04-08
15,"Sejong","46","3","42","1","38","3","0","1","0",2020-04-08
15,"Gyeonggi","596","128","423","29","295","59","40","45","6",2020-04-08
15,"Gangwon","49","12","30","17","13","0","0","7","2",2020-04-08
15,"Chung-buk","45","5","32","6","18","6","2","8","0",2020-04-08
15,"Chung-nam","137","8","120","0","118","1","1","9","0",2020-04-08
15,"Jeon-buk","17","8","4","1","3","0","0","5","1",2020-04-08
15,"Jeon-nam","15","7","7","1","3","2","1","1","0",2020-04-08
15,"Gyeong-buk","1320","9","1175","566","417","191","1","136","3",2020-04-08
15,"Gyeong-nam","113","13","83","32","43","7","1","17","1",2020-04-08
15,"Jeju","12","7","1","0","0","0","1","4","0",2020-04-08
15,"Airport","338","338","0","0","0","0","0","0","14",2020-04-08
16,"Seoul","590","217","347","8","256","19","64","26","12",2020-04-09
16,"Busan","125","15","81","12","50","18","1","29","0",2020-04-09
16,"Daegu","6807","12","6079","4508","645","922","4","716","4",2020-04-09
16,"Incheon","84","33","46","2","34","5","5","5","0",2020-04-09
16,"Gwangju","27","11","16","9","0","1","6","0","0",2020-04-09
16,"Daejeon","39","9","21","2","11","8","0","9","0",2020-04-09
16,"Ulsan","40","9","24","16","1","4","3","7","0",2020-04-09
16,"Sejong","46","3","42","1","38","3","0","1","0",2020-04-09
16,"Gyeonggi","606","134","429","29","297","59","44","43","10",2020-04-09
16,"Gangwon","49","12","30","17","13","0","0","7","0",2020-04-09
16,"Chung-buk","45","5","32","6","18","6","2","8","0",2020-04-09
16,"Chung-nam","138","8","120","0","118","1","1","10","1",2020-04-09
16,"Jeon-buk","17","8","4","1","3","0","0","5","0",2020-04-09
16,"Jeon-nam","15","7","7","1","3","2","1","1","0",2020-04-09
16,"Gyeong-buk","1320","9","1178","566","420","191","1","133","0",2020-04-09
16,"Gyeong-nam","115","14","84","32","45","6","1","17","2",2020-04-09
16,"Jeju","12","7","1","0","0","0","1","4","0",2020-04-09
16,"Airport","348","348","0","0","0","0","0","0","10",2020-04-09
17,"Seoul","595","218","350","8","257","20","65","27","5",2020-04-10
17,"Busan","126","15","81","12","50","18","1","30","1",2020-04-10
17,"Daegu","6807","12","6079","4508","646","921","4","716","0",2020-04-10
17,"Incheon","85","34","47","2","34","5","6","4","1",2020-04-10
17,"Gwangju","27","11","16","9","0","1","6","0","0",2020-04-10
17,"Daejeon","39","9","21","2","11","8","0","9","0",2020-04-10
17,"Ulsan","40","9","24","16","1","4","3","7","0",2020-04-10
17,"Sejong","46","3","42","1","38","3","0","1","0",2020-04-10
17,"Gyeonggi","615","135","433","29","299","60","45","47","9",2020-04-10
17,"Gangwon","49","12","30","17","13","0","0","7","0",2020-04-10
17,"Chung-buk","45","5","32","6","18","6","2","8","0",2020-04-10
17,"Chung-nam","138","9","120","0","118","1","1","9","0",2020-04-10
17,"Jeon-buk","17","8","4","1","3","0","0","5","0",2020-04-10
17,"Jeon-nam","15","7","7","1","3","2","1","1","0",2020-04-10
17,"Gyeong-buk","1327","9","1181","566","421","193","1","137","7",2020-04-10
17,"Gyeong-nam","115","14","84","32","45","6","1","17","0",2020-04-10
17,"Jeju","12","7","1","0","0","0","1","4","0",2020-04-10
17,"Airport","352","352","0","0","0","0","0","0","4",2020-04-10
18,"Seoul","599","222","349","8","258","18","65","28","4",2020-04-11
18,"Busan","126","15","81","12","50","18","1","30","0",2020-04-11
18,"Daegu","6814","13","6085","4508","651","922","4","716","7",2020-04-11
18,"Incheon","85","34","47","2","34","5","6","4","0",2020-04-11
18,"Gwangju","27","11","16","9","0","1","6","0","0",2020-04-11
18,"Daejeon","39","9","21","2","11","8","0","9","0",2020-04-11
18,"Ulsan","41","10","24","16","1","4","3","7","1",2020-04-11
18,"Sejong","46","3","42","1","38","3","0","1","0",2020-04-11
18,"Gyeonggi","624","140","439","29","302","58","50","45","9",2020-04-11
18,"Gangwon","49","12","30","17","13","0","0","7","0",2020-04-11
18,"Chung-buk","45","5","32","6","18","6","2","8","0",2020-04-11
18,"Chung-nam","138","9","120","0","118","1","1","9","0",2020-04-11
18,"Jeon-buk","17","8","4","1","3","0","0","5","0",2020-04-11
18,"Jeon-nam","15","7","7","1","3","2","1","1","0",2020-04-11
18,"Gyeong-buk","1330","9","1185","566","427","191","1","136","3",2020-04-11
18,"Gyeong-nam","115","14","84","32","45","6","1","17","0",2020-04-11
18,"Jeju","12","7","1","0","0","0","1","4","0",2020-04-11
18,"Airport","358","358","0","0","0","0","0","0","6",2020-04-11
19,"Seoul","602","225","350","8","258","19","65","27","3",2020-04-12
19,"Busan","126","15","81","12","50","18","1","30","0",2020-04-12
19,"Daegu","6816","14","6085","4508","651","922","4","717","2",2020-04-12
19,"Incheon","86","35","47","2","34","5","6","4","1",2020-04-12
19,"Gwangju","27","11","16","9","0","1","6","0","0",2020-04-12
19,"Daejeon","39","9","21","2","11","8","0","9","0",2020-04-12
19,"Ulsan","41","10","24","16","1","4","3","7","0",2020-04-12
19,"Sejong","46","3","42","1","38","3","0","1","0",2020-04-12
19,"Gyeonggi","628","143","440","29","302","58","51","45","4",2020-04-12
19,"Gangwon","49","12","30","17","13","0","0","7","0",2020-04-12
19,"Chung-buk","45","5","32","6","18","6","2","8","0",2020-04-12
19,"Chung-nam","139","9","120","0","118","1","1","10","1",2020-04-12
19,"Jeon-buk","17","8","4","1","3","0","0","5","0",2020-04-12
19,"Jeon-nam","15","7","7","1","3","2","1","1","0",2020-04-12
19,"Gyeong-buk","1333","9","1190","566","432","191","1","134","3",2020-04-12
19,"Gyeong-nam","115","14","84","32","45","6","1","17","0",2020-04-12
19,"Jeju","12","7","1","0","0","0","1","4","0",2020-04-12
19,"Airport","376","376","0","0","0","0","0","0","18",2020-04-12
20,"Seoul","610","233","355","8","262","18","67","22","8",2020-04-13
20,"Busan","126","16","81","12","50","18","1","29","0",2020-04-13
20,"Daegu","6819","14","6088","4508","653","923","4","717","3",2020-04-13
20,"Incheon","87","36","47","2","34","5","6","4","1",2020-04-13
20,"Gwangju","27","11","16","9","0","1","6","0","0",2020-04-13
20,"Daejeon","39","9","21","2","11","8","0","9","0",2020-04-13
20,"Ulsan","41","10","24","16","1","4","3","7","0",2020-04-13
20,"Sejong","46","3","42","1","38","3","0","1","0",2020-04-13
20,"Gyeonggi","631","143","442","29","302","58","53","46","3",2020-04-13
20,"Gangwon","49","12","30","17","13","0","0","7","0",2020-04-13
20,"Chung-buk","45","5","32","6","18","6","2","8","0",2020-04-13
20,"Chung-nam","139","10","120","0","118","1","1","9","0",2020-04-13
20,"Jeon-buk","17","8","4","1","3","0","0","5","0",2020-04-13
20,"Jeon-nam","15","7","7","1","3","2","1","1","0",2020-04-13
20,"Gyeong-buk","1337","9","1194","566","436","191","1","134","4",2020-04-13
20,"Gyeong-nam","115","14","84","32","45","6","1","17","0",2020-04-13
20,"Jeju","12","7","1","0","0","0","1","4","0",2020-04-13
20,"Airport","382","382","0","0","0","0","0","0","6",2020-04-13
21,"Seoul","612","233","355","8","262","18","67","24","2",2020-04-14
21,"Busan","126","16","81","12","50","18","1","29","0",2020-04-14
21,"Daegu","6822","15","6090","4509","655","922","4","717","3",2020-04-14
21,"Incheon","88","37","47","2","34","5","6","4","1",2020-04-14
21,"Gwangju","27","11","16","9","0","1","6","0","0",2020-04-14
21,"Daejeon","39","9","21","2","11","8","0","9","0",2020-04-14
21,"Ulsan","42","10","24","16","1","4","3","8","1",2020-04-14
21,"Sejong","46","3","42","1","38","3","0","1","0",2020-04-14
21,"Gyeonggi","639","145","447","29","305","60","53","47","8",2020-04-14
21,"Gangwon","49","12","30","17","13","0","0","7","0",2020-04-14
21,"Chung-buk","45","5","32","6","18","6","2","8","0",2020-04-14
21,"Chung-nam","139","10","120","0","118","1","1","9","0",2020-04-14
21,"Jeon-buk","17","8","4","1","3","0","0","5","0",2020-04-14
21,"Jeon-nam","15","7","7","1","3","2","1","1","0",2020-04-14
21,"Gyeong-buk","1342","9","1197","566","439","191","1","136","5",2020-04-14
21,"Gyeong-nam","115","14","84","32","45","6","1","17","0",2020-04-14
21,"Jeju","12","7","1","0","0","0","1","4","0",2020-04-14
21,"Airport","389","389","0","0","0","0","0","0","7",2020-04-14
22,"Seoul","2750","376","17","1182","40","7","15","8","25",2020-04-15
22,"Busan","7616","239","107","5486","48","21","24","33","21",2020-04-15
22,"Daegu","617","238","356","8","262","19","67","23","5",2020-04-15
22,"Incheon","225","2","3","155","0","0","0","1","0",2020-04-15
22,"Gwangju","10591","617","127","6823","88","28","39","42","46",2020-04-15
22,"Daejeon","127","17","81","12","50","18","1","29","1",2020-04-15
22,"Ulsan","27","5","1","1","0","1","0","0","0",2020-04-15
22,"Sejong","6823","16","6090","4509","655","922","4","717","1",2020-04-15
22,"Gyeonggi","88","37","47","2","34","5","6","4","0",2020-04-15
22,"Gangwon","310","23","14","25","9","8","263","31","8",2020-04-15
22,"Chung-buk","28","11","16","9","0","1","6","1","1",2020-04-15
22,"Chung-nam","322","27","31","114","8","7","1035","84","5",2020-04-15
22,"Jeon-buk","39","9","21","2","11","8","0","9","0",2020-04-15
22,"Jeon-nam","13","1","0","0","0","0","50","0","0",2020-04-15
22,"Gyeong-buk","42","11","24","16","1","4","3","7","0",2020-04-15
22,"Gyeong-nam","645","51","45","139","17","15","1348","115","13",2020-04-15
22,"Jeju","46","3","42","1","38","3","0","1","0",2020-04-15
22,"Airport","6","2","0","0","0","0","6","0","1",2020-04-15
23,"Seoul","619","239","357","8","262","18","69","23","2",2020-04-16
23,"Busan","130","20","81","12","50","18","1","29","3",2020-04-16
23,"Daegu","6827","16","6094","4509","659","922","4","717","4",2020-04-16
23,"Incheon","88","37","47","2","34","5","6","4","0",2020-04-16
23,"Gwangju","28","12","16","9","0","1","6","0","0",2020-04-16
23,"Daejeon","39","9","21","2","11","8","0","9","0",2020-04-16
23,"Ulsan","42","11","24","16","1","4","3","7","0",2020-04-16
23,"Sejong","46","3","42","1","38","3","0","1","0",2020-04-16
23,"Gyeonggi","649","149","458","29","313","58","58","42","4",2020-04-16
23,"Gangwon","52","13","32","17","15","0","0","7","1",2020-04-16
23,"Chung-buk","45","5","32","6","18","6","2","8","0",2020-04-16
23,"Chung-nam","139","10","120","0","118","1","1","9","0",2020-04-16
23,"Jeon-buk","17","8","4","1","3","0","0","5","0",2020-04-16
23,"Jeon-nam","15","7","7","1","3","2","1","1","0",2020-04-16
23,"Gyeong-buk","1352","9","1209","566","451","191","1","134","4",2020-04-16
23,"Gyeong-nam","115","14","84","32","45","6","1","17","0",2020-04-16
23,"Jeju","13","8","1","0","0","0","1","4","0",2020-04-16
23,"Airport","397","397","0","0","0","0","0","0","4",2020-04-16
24,"Seoul","621","241","357","8","262","18","69","23","2",2020-04-17
24,"Busan","130","20","81","12","50","18","1","29","0",2020-04-17
24,"Daegu","6827","16","6092","4509","657","922","4","719","0",2020-04-17
24,"Incheon","89","37","48","2","34","5","7","4","1",2020-04-17
24,"Gwangju","30","14","16","9","0","1","6","0","2",2020-04-17
24,"Daejeon","40","9","21","2","11","8","0","10","1",2020-04-17
24,"Ulsan","42","11","24","16","1","4","3","7","0",2020-04-17
24,"Sejong","46","3","42","1","38","3","0","1","0",2020-04-17
24,"Gyeonggi","650","150","459","29","314","55","61","41","1",2020-04-17
24,"Gangwon","52","13","32","17","15","0","0","7","0",2020-04-17
24,"Chung-buk","45","5","32","6","18","6","2","8","0",2020-04-17
24,"Chung-nam","139","10","120","0","118","1","1","9","0",2020-04-17
24,"Jeon-buk","17","8","4","1","3","0","0","5","0",2020-04-17
24,"Jeon-nam","15","7","7","1","3","2","1","1","0",2020-04-17
24,"Gyeong-buk","1356","9","1213","566","455","191","1","134","4",2020-04-17
24,"Gyeong-nam","115","14","84","32","45","6","1","17","0",2020-04-17
24,"Jeju","13","8","1","0","0","0","1","4","0",2020-04-17
24,"Airport","408","408","0","0","0","0","0","0","11",2020-04-17
25,"Seoul","622","242","358","8","262","18","70","22","1",2020-04-18
25,"Busan","130","20","81","12","50","18","1","29","0",2020-04-18
25,"Daegu","6830","16","6094","4509","659","922","4","720","3",2020-04-18
25,"Incheon","90","39","47","2","34","5","6","4","1",2020-04-18
25,"Gwangju","30","14","16","9","0","1","6","0","0",2020-04-18
25,"Daejeon","39","9","21","2","11","8","0","9","-1",2020-04-18
25,"Ulsan","9","0","1","2","6","0","0","4","5",2020-04-18
25,"Sejong","16","108","437","428","3","1","412","581","910",2020-04-18
25,"Gyeonggi","654","150","463","29","317","55","62","41","4",2020-04-18
25,"Gangwon","53","14","32","17","15","0","0","7","1",2020-04-18
25,"Chung-buk","45","5","32","6","18","6","2","8","0",2020-04-18
25,"Chung-nam","141","11","120","0","118","1","1","10","2",2020-04-18
25,"Jeon-buk","17","8","4","1","3","0","0","5","0",2020-04-18
25,"Jeon-nam","15","7","7","1","3","2","1","1","0",2020-04-18
25,"Gyeong-buk","1358","10","1215","566","457","191","1","133","2",2020-04-18
25,"Gyeong-nam","116","14","85","33","45","6","1","17","1",2020-04-18
25,"Jeju","13","8","1","0","0","0","1","4","0",2020-04-18
25,"Airport","412","412","0","0","0","0","0","0","4",2020-04-18
26,"Seoul","624","243","359","8","262","18","71","22","2",2020-04-19
26,"Busan","130","20","81","12","50","18","1","29","0",2020-04-19
26,"Daegu","6832","17","6094","4510","659","921","4","721","2",2020-04-19
26,"Incheon","91","40","47","2","34","5","6","4","1",2020-04-19
26,"Gwangju","30","14","16","9","0","1","6","0","0",2020-04-19
26,"Daejeon","39","9","21","2","11","8","0","9","0",2020-04-19
26,"Ulsan","42","11","24","16","1","4","3","7","0",2020-04-19
26,"Sejong","46","3","42","1","38","3","0","1","0",2020-04-19
26,"Gyeonggi","654","150","463","29","317","55","62","41","0",2020-04-19
26,"Gangwon","53","14","32","17","15","0","0","7","0",2020-04-19
26,"Chung-buk","45","5","32","6","18","6","2","8","0",2020-04-19
26,"Chung-nam","141","11","120","0","118","1","1","10","0",2020-04-19
26,"Jeon-buk","17","8","4","1","3","0","0","5","0",2020-04-19
26,"Jeon-nam","15","7","7","1","3","2","1","1","0",2020-04-19
26,"Gyeong-buk","1359","10","1216","566","458","191","1","133","1",2020-04-19
26,"Gyeong-nam","116","14","84","32","45","6","1","18","0",2020-04-19
26,"Jeju","13","8","1","0","0","0","1","4","0",2020-04-19
26,"Airport","414","414","0","0","0","0","0","0","2",2020-04-19
27,"Seoul","624","244","357","8","262","18","69","23","0",2020-04-20
27,"Busan","132","20","81","12","50","18","1","31","2",2020-04-20
27,"Daegu","6833","17","6095","4510","659","922","4","721","1",2020-04-20
27,"Incheon","92","41","47","2","34","5","6","4","1",2020-04-20
27,"Gwangju","30","14","16","9","0","1","6","0","0",2020-04-20
27,"Daejeon","39","9","21","2","11","8","0","9","0",2020-04-20
27,"Ulsan","43","12","24","16","1","4","3","7","1",2020-04-20
27,"Sejong","46","3","42","1","38","3","0","1","0",2020-04-20
27,"Gyeonggi","656","151","464","29","318","55","62","41","2",2020-04-20
27,"Gangwon","53","14","32","17","15","0","0","7","0",2020-04-20
27,"Chung-buk","45","5","32","6","18","6","2","8","0",2020-04-20
27,"Chung-nam","141","11","120","0","118","1","1","10","0",2020-04-20
27,"Jeon-buk","17","8","4","1","3","0","0","5","0",2020-04-20
27,"Jeon-nam","15","7","7","1","3","2","1","1","0",2020-04-20
27,"Gyeong-buk","1361","10","1217","566","460","191","0","134","2",2020-04-20
27,"Gyeong-nam","116","14","84","32","45","6","1","18","0",2020-04-20
27,"Jeju","13","8","1","0","0","0","1","4","0",2020-04-20
27,"Airport","418","418","0","0","0","0","0","0","4",2020-04-20
28,"Seoul","626","245","357","8","262","18","69","24","2",2020-04-21
28,"Busan","132","20","82","12","50","19","1","30","0",2020-04-21
28,"Daegu","6835","17","6097","4510","661","922","4","721","2",2020-04-21
28,"Incheon","92","41","47","2","34","5","6","4","0",2020-04-21
28,"Gwangju","30","14","16","9","0","1","6","0","0",2020-04-21
28,"Daejeon","39","9","21","2","11","8","0","9","0",2020-04-21
28,"Ulsan","43","12","24","16","1","4","3","7","0",2020-04-21
28,"Sejong","46","3","42","1","38","3","0","1","0",2020-04-21
28,"Gyeonggi","658","152","465","29","318","56","62","41","2",2020-04-21
28,"Gangwon","53","14","32","17","15","0","0","7","0",2020-04-21
28,"Chung-buk","45","5","32","6","18","6","2","8","0",2020-04-21
28,"Chung-nam","141","11","120","0","118","1","1","10","0",2020-04-21
28,"Jeon-buk","17","8","4","1","3","0","0","5","0",2020-04-21
28,"Jeon-nam","15","7","7","1","3","2","1","1","0",2020-04-21
28,"Gyeong-buk","1361","10","1217","566","460","191","0","134","0",2020-04-21
28,"Gyeong-nam","116","14","84","32","45","6","1","18","0",2020-04-21
28,"Jeju","13","8","1","0","0","0","1","4","0",2020-04-21
28,"Airport","421","421","0","0","0","0","0","0","3",2020-04-21
29,"Seoul","628","247","357","8","262","18","69","24","2",2020-04-22
29,"Busan","134","21","84","12","53","18","1","29","2",2020-04-22
29,"Daegu","6836","17","6098","4510","661","923","4","721","1",2020-04-22
29,"Incheon","92","41","47","2","34","5","6","4","0",2020-04-22
29,"Gwangju","30","14","16","9","0","1","6","0","0",2020-04-22
29,"Daejeon","40","10","21","2","11","8","0","9","1",2020-04-22
29,"Ulsan","43","12","24","16","1","4","3","7","0",2020-04-22
29,"Sejong","46","3","42","1","38","3","0","1","0",2020-04-22
29,"Gyeonggi","658","152","465","29","319","55","62","41","0",2020-04-22
29,"Gangwon","53","14","32","17","15","0","0","7","0",2020-04-22
29,"Chung-buk","45","5","32","6","18","6","2","8","0",2020-04-22
29,"Chung-nam","141","11","120","0","118","1","1","10","0",2020-04-22
29,"Jeon-buk","17","8","4","1","3","0","0","5","0",2020-04-22
29,"Jeon-nam","15","7","7","1","3","2","1","1","0",2020-04-22
29,"Gyeong-buk","1363","10","1218","566","460","192","0","135","2",2020-04-22
29,"Gyeong-nam","117","14","85","32","46","6","1","18","1",2020-04-22
29,"Jeju","13","8","1","0","0","0","1","4","0",2020-04-22
29,"Airport","423","423","0","0","0","0","0","0","2",2020-04-22
30,"Seoul","628","247","357","8","262","18","69","24","0",2020-04-23
30,"Busan","135","22","84","12","53","18","1","29","1",2020-04-23
30,"Daegu","6840","18","6100","4510","662","924","4","722","4",2020-04-23
30,"Incheon","92","41","47","2","34","5","6","4","0",2020-04-23
30,"Gwangju","30","14","16","9","0","1","6","0","0",2020-04-23
30,"Daejeon","43","12","24","16","1","4","3","7","0",2020-04-23
30,"Ulsan","46","3","42","1","38","3","0","1","0",2020-04-23
30,"Sejong","659","152","466","29","320","55","62","41","1",2020-04-23
30,"Gyeonggi","53","14","32","17","15","0","0","7","0",2020-04-23
30,"Gangwon","45","5","32","6","18","6","2","8","0",2020-04-23
30,"Chung-buk","141","11","120","0","118","1","1","10","0",2020-04-23
30,"Chung-nam","17","8","4","1","3","0","0","5","0",2020-04-23
30,"Jeon-buk","15","7","7","1","3","2","1","1","0",2020-04-23
30,"Jeon-nam","1363","10","1219","566","461","192","0","134","0",2020-04-23
30,"Gyeong-buk","117","14","85","32","46","6","1","18","0",2020-04-23
30,"Gyeong-nam","13","8","1","0","0","0","1","4","0",2020-04-23
30,"Jeju","425","425","0","0","0","0","0","0","2",2020-04-23
30,"Airport","1021","8657","5212","2045","1243","157","1024","0-9","0",2020-04-23
31,"Seoul","628","247","357","8","262","18","69","24","0",2020-04-24
31,"Busan","136","23","84","12","53","18","1","29","1",2020-04-24
31,"Daegu","6842","18","6102","4510","662","926","4","722","2",2020-04-24
31,"Incheon","92","41","47","2","34","5","6","4","0",2020-04-24
31,"Gwangju","30","14","16","9","0","1","6","0","0",2020-04-24
31,"Daejeon","40","10","21","2","11","8","0","9","0",2020-04-24
31,"Ulsan","43","12","24","16","1","4","3","7","0",2020-04-24
31,"Sejong","46","3","42","1","38","3","0","1","0",2020-04-24
31,"Gyeonggi","660","152","466","29","320","55","62","42","1",2020-04-24
31,"Gangwon","53","14","32","17","15","0","0","7","0",2020-04-24
31,"Chung-buk","45","5","32","6","18","6","2","8","0",2020-04-24
31,"Chung-nam","141","11","120","0","118","1","1","10","0",2020-04-24
31,"Jeon-buk","17","8","4","1","3","0","0","5","0",2020-04-24
31,"Jeon-nam","15","7","7","1","3","2","1","1","0",2020-04-24
31,"Gyeong-buk","1364","10","1219","566","461","192","0","135","1",2020-04-24
31,"Gyeong-nam","117","14","85","32","46","6","1","18","0",2020-04-24
31,"Jeju","13","8","1","0","0","0","1","4","0",2020-04-24
31,"Airport","426","426","0","0","0","0","0","0","1",2020-04-24
32,"Seoul","629","247","357","8","262","18","69","25","1",2020-04-25
32,"Busan","136","23","84","12","53","18","1","29","0",2020-04-25
32,"Daegu","6845","18","6102","4510","662","926","4","725","3",2020-04-25
32,"Incheon","92","41","47","2","34","5","6","4","0",2020-04-25
32,"Gwangju","30","14","16","9","0","1","6","0","0",2020-04-25
32,"Daejeon","40","10","21","2","11","8","0","9","0",2020-04-25
32,"Ulsan","43","12","24","16","1","4","3","7","0",2020-04-25
32,"Sejong","46","3","42","1","38","3","0","1","0",2020-04-25
32,"Gyeonggi","662","152","468","29","320","57","62","42","2",2020-04-25
32,"Gangwon","53","14","32","17","15","0","0","7","0",2020-04-25
32,"Chung-buk","45","5","32","6","18","6","2","8","0",2020-04-25
32,"Chung-nam","141","11","120","0","118","1","1","10","0",2020-04-25
32,"Jeon-buk","17","8","4","1","3","0","0","5","0",2020-04-25
32,"Jeon-nam","15","7","7","1","3","2","1","1","0",2020-04-25
32,"Gyeong-buk","1364","10","1220","566","462","192","0","134","0",2020-04-25
32,"Gyeong-nam","117","14","85","32","46","6","1","18","0",2020-04-25
32,"Jeju","13","8","1","0","0","0","1","4","0",2020-04-25
32,"Airport","430","430","0","0","0","0","0","0","4",2020-04-25
33,"Seoul","629","248","357","8","262","18","69","24","0",2020-04-26
33,"Busan","137","24","84","12","53","18","1","29","1",2020-04-26
33,"Daegu","6846","18","6103","4510","662","927","4","725","1",2020-04-26
33,"Incheon","92","41","47","2","34","5","6","4","0",2020-04-26
33,"Gwangju","30","14","16","9","0","1","6","0","0",2020-04-26
33,"Daejeon","40","10","21","2","11","8","0","9","0",2020-04-26
33,"Ulsan","43","12","24","16","1","4","3","7","0",2020-04-26
33,"Sejong","46","3","42","1","38","3","0","1","0",2020-04-26
33,"Gyeonggi","668","158","468","29","320","57","62","42","6",2020-04-26
33,"Gangwon","53","14","32","17","15","0","0","7","0",2020-04-26
33,"Chung-buk","45","5","32","6","18","6","2","8","0",2020-04-26
33,"Chung-nam","141","11","120","0","118","1","1","10","0",2020-04-26
33,"Jeon-buk","18","9","4","1","3","0","0","5","1",2020-04-26
33,"Jeon-nam","15","7","7","1","3","2","1","1","0",2020-04-26
33,"Gyeong-buk","1364","10","1220","566","462","192","0","134","0",2020-04-26
33,"Gyeong-nam","117","14","85","32","46","6","1","18","0",2020-04-26
33,"Jeju","13","8","1","0","0","0","1","4","0",2020-04-26
33,"Airport","431","431","0","0","0","0","0","0","1",2020-04-26
34,"Seoul","629","248","357","8","262","18","69","24","0",2020-04-27
34,"Busan","137","24","84","12","53","18","1","29","0",2020-04-27
34,"Daegu","6847","18","6105","4510","662","929","4","724","1",2020-04-27
34,"Incheon","92","41","47","2","34","5","6","4","0",2020-04-27
34,"Gwangju","30","14","16","9","0","1","6","0","0",2020-04-27
34,"Daejeon","40","10","21","2","11","8","0","9","0",2020-04-27
34,"Ulsan","43","12","24","16","1","4","3","7","0",2020-04-27
34,"Sejong","46","3","42","1","38","3","0","1","0",2020-04-27
34,"Gyeonggi","671","159","470","29","320","59","62","42","3",2020-04-27
34,"Gangwon","53","14","32","17","15","0","0","7","0",2020-04-27
34,"Chung-buk","45","5","32","6","18","6","2","8","0",2020-04-27
34,"Chung-nam","142","12","120","0","118","1","1","10","1",2020-04-27
34,"Jeon-buk","18","9","4","1","3","0","0","5","0",2020-04-27
34,"Jeon-nam","15","7","7","1","3","2","1","1","0",2020-04-27
34,"Gyeong-buk","1364","10","1220","566","462","192","0","134","0",2020-04-27
34,"Gyeong-nam","117","14","85","32","46","6","1","18","0",2020-04-27
34,"Jeju","13","8","1","0","0","0","1","4","0",2020-04-27
34,"Airport","436","436","0","0","0","0","0","0","5",2020-04-27
35,"Seoul","633","252","357","8","262","18","69","24","4",2020-04-28
35,"Busan","137","24","84","12","53","18","1","29","0",2020-04-28
35,"Daegu","6849","20","6105","4510","663","928","4","724","2",2020-04-28
35,"Incheon","93","41","48","2","34","5","7","4","1",2020-04-28
35,"Gwangju","30","14","16","9","0","1","6","0","0",2020-04-28
35,"Daejeon","40","10","21","2","11","8","0","9","0",2020-04-28
35,"Ulsan","43","12","24","16","1","4","3","7","0",2020-04-28
35,"Sejong","3","9","9","3","Sejong","46","3","42","1",2020-04-28
35,"Gyeonggi","17","121","454","460","3","1","439","617","962",2020-04-28
35,"Gangwon","674","162","470","29","322","57","62","42","3",2020-04-28
35,"Chung-buk","53","14","32","17","15","0","0","7","0",2020-04-28
35,"Chung-nam","45","5","32","6","18","6","2","8","0",2020-04-28
35,"Jeon-buk","142","12","120","0","118","1","1","10","0",2020-04-28
35,"Jeon-nam","18","9","4","1","3","0","0","5","0",2020-04-28
35,"Gyeong-buk","15","7","7","1","3","2","1","1","0",2020-04-28
35,"Gyeong-nam","1365","10","1221","566","463","192","0","134","1",2020-04-28
35,"Jeju","117","14","85","32","46","6","1","18","0",2020-04-28
35,"Airport","13","8","1","0","0","0","1","4","0",2020-04-28
36,"Seoul","633","252","357","8","262","18","69","24","0",2020-04-29
36,"Busan","137","24","84","12","53","18","1","29","0",2020-04-29
36,"Daegu","6852","20","6108","4510","665","929","4","724","3",2020-04-29
36,"Incheon","93","41","48","2","34","5","7","4","0",2020-04-29
36,"Gwangju","30","14","16","9","0","1","6","0","0",2020-04-29
36,"Daejeon","40","10","21","2","11","8","0","9","0",2020-04-29
36,"Ulsan","43","12","24","16","1","4","3","7","0",2020-04-29
36,"Sejong","46","3","42","1","38","3","0","1","0",2020-04-29
36,"Gyeonggi","676","163","470","29","322","57","62","43","2",2020-04-29
36,"Gangwon","53","14","32","17","15","0","0","7","0",2020-04-29
36,"Chung-buk","45","5","32","6","18","6","2","8","0",2020-04-29
36,"Chung-nam","143","13","120","0","118","1","1","10","1",2020-04-29
36,"Jeon-buk","18","9","4","1","3","0","0","5","0",2020-04-29
36,"Jeon-nam","15","7","5","1","1","2","1","3","0",2020-04-29
36,"Gyeong-buk","1365","10","1221","566","463","192","0","134","0",2020-04-29
36,"Gyeong-nam","117","14","85","32","46","6","1","18","0",2020-04-29
36,"Jeju","13","8","1","0","0","0","1","4","0",2020-04-29
36,"Airport","442","442","0","0","0","0","0","0","3",2020-04-29
37,"Seoul","633","252","357","8","262","18","69","24","0",2020-04-30
37,"Busan","137","24","84","12","53","18","1","29","0",2020-04-30
37,"Daegu","6852","20","6108","4510","665","929","4","724","0",2020-04-30
37,"Incheon","93","41","48","2","34","5","7","4","0",2020-04-30
37,"Gwangju","30","14","16","9","0","1","6","0","0",2020-04-30
37,"Daejeon","40","10","21","2","11","8","0","9","0",2020-04-30
37,"Ulsan","43","12","24","16","1","4","3","7","0",2020-04-30
37,"Sejong","46","3","42","1","38","3","0","1","0",2020-04-30
37,"Gyeonggi","676","163","470","29","322","57","62","43","0",2020-04-30
37,"Gangwon","53","14","32","17","15","0","0","7","0",2020-04-30
37,"Chung-buk","45","5","32","6","18","6","2","8","0",2020-04-30
37,"Chung-nam","143","13","120","0","118","1","1","10","0",2020-04-30
37,"Jeon-buk","18","9","4","1","3","0","0","5","0",2020-04-30
37,"Jeon-nam","15","7","5","1","1","2","1","3","0",2020-04-30
37,"Gyeong-buk","1365","10","1221","566","463","192","0","134","0",2020-04-30
37,"Gyeong-nam","117","14","85","32","46","6","1","18","0",2020-04-30
37,"Jeju","13","8","1","0","0","0","1","4","0",2020-04-30
37,"Airport","446","446","0","0","0","0","0","0","4",2020-04-30
38,"Seoul","634","253","357","8","262","18","69","24","1",2020-05-01
38,"Busan","137","24","84","12","53","18","1","29","0",2020-05-01
38,"Daegu","6852","20","6108","4510","665","929","4","724","0",2020-05-01
38,"Incheon","94","42","48","2","34","5","7","4","1",2020-05-01
38,"Gwangju","30","14","16","9","0","1","6","0","0",2020-05-01
38,"Daejeon","40","10","21","2","11","8","0","9","0",2020-05-01
38,"Ulsan","43","12","24","16","1","4","3","7","0",2020-05-01
38,"Sejong","46","3","42","1","38","3","0","1","0",2020-05-01
38,"Gyeonggi","678","165","470","29","322","57","62","43","2",2020-05-01
38,"Gangwon","53","14","32","17","15","0","0","7","0",2020-05-01
38,"Chung-buk","45","5","32","6","18","6","2","8","0",2020-05-01
38,"Chung-nam","143","13","120","118","1","1","10","0","research center in Seosan (9)",2020-05-01
38,"Jeon-buk","18","9","4","1","3","0","0","5","0",2020-05-01
38,"Jeon-nam","15","7","5","1","1","2","1","3","0",2020-05-01
38,"Gyeong-buk","1366","10","1222","566","464","192","0","134","1",2020-05-01
38,"Gyeong-nam","117","14","85","32","46","6","1","18","0",2020-05-01
38,"Jeju","13","8","1","0","0","0","1","4","0",2020-05-01
38,"Airport","450","450","0","0","0","0","0","0","4",2020-05-01
39,"Seoul","635","255","357","8","264","16","69","23","1",2020-05-02
39,"Busan","138","25","84","12","53","18","1","29","1",2020-05-02
39,"Daegu","6852","20","6108","4510","665","929","4","724","0",2020-05-02
39,"Incheon","95","43","48","2","34","5","7","4","1",2020-05-02
39,"Gwangju","30","14","16","9","0","1","6","0","0",2020-05-02
39,"Daejeon","40","10","21","2","11","8","0","9","0",2020-05-02
39,"Ulsan","43","12","24","16","1","4","3","7","0",2020-05-02
39,"Sejong","46","3","42","1","38","3","0","1","0",2020-05-02
39,"Gyeonggi","678","165","470","29","327","52","62","43","0",2020-05-02
39,"Gangwon","53","14","32","17","15","0","0","7","0",2020-05-02
39,"Chung-buk","45","5","32","6","18","6","2","8","0",2020-05-02
39,"Chung-nam","143","13","120","0","118","1","1","10","0",2020-05-02
39,"Jeon-buk","18","9","4","1","3","0","0","5","0",2020-05-02
39,"Jeon-nam","15","7","5","1","1","2","1","3","0",2020-05-02
39,"Gyeong-buk","1366","11","1222","566","464","192","0","133","0",2020-05-02
39,"Gyeong-nam","117","14","85","32","46","6","1","18","0",2020-05-02
39,"Jeju","13","8","1","0","0","0","1","4","0",2020-05-02
39,"Airport","453","453","0","0","0","0","0","0","3",2020-05-02
40,"Seoul","637","257","357","8","264","16","69","23","2",2020-05-03
40,"Busan","138","25","84","12","53","18","1","29","0",2020-05-03
40,"Daegu","6856","21","6109","4510","666","929","4","726","4",2020-05-03
40,"Incheon","95","43","48","2","34","5","7","4","0",2020-05-03
40,"Gwangju","30","14","16","9","0","1","6","0","0",2020-05-03
40,"Daejeon","40","10","21","2","11","8","0","9","0",2020-05-03
40,"Ulsan","43","12","24","16","1","4","3","7","0",2020-05-03
40,"Sejong","46","3","42","1","38","3","0","1","0",2020-05-03
40,"Gyeonggi","680","167","470","29","327","52","62","43","2",2020-05-03
40,"Gangwon","53","14","32","17","15","0","0","7","0",2020-05-03
40,"Chung-buk","45","5","32","6","18","6","2","8","0",2020-05-03
40,"Chung-nam","143","13","120","0","118","1","1","10","0",2020-05-03
40,"Jeon-buk","18","9","4","1","3","0","0","5","0",2020-05-03
40,"Jeon-nam","15","7","5","1","1","2","1","3","0",2020-05-03
40,"Gyeong-buk","1366","11","1222","566","464","192","0","133","0",2020-05-03
40,"Gyeong-nam","117","14","85","32","46","6","1","18","0",2020-05-03
40,"Jeju","13","8","1","0","0","0","1","4","0",2020-05-03
40,"Airport","458","458","0","0","0","0","0","0","5",2020-05-03
41,"Seoul","637","257","357","8","264","16","69","23","0",2020-05-04
41,"Busan","138","25","84","12","53","18","1","29","0",2020-05-04
41,"Daegu","6856","21","6116","4510","677","925","4","719","0",2020-05-04
41,"Incheon","96","44","48","2","34","5","7","4","1",2020-05-04
41,"Gwangju","30","14","16","9","0","1","6","0","0",2020-05-04
41,"Daejeon","40","10","21","2","11","8","0","9","0",2020-05-04
41,"Ulsan","44","13","24","16","2","3","3","7","1",2020-05-04
41,"Sejong","46","3","42","1","38","3","0","1","0",2020-05-04
41,"Gyeonggi","681","168","470","29","327","52","62","43","1",2020-05-04
41,"Gangwon","53","14","32","17","15","0","0","7","0",2020-05-04
41,"Chung-buk","45","5","32","6","18","6","2","8","0",2020-05-04
41,"Chung-nam","143","13","120","0","118","1","1","10","0",2020-05-04
41,"Jeon-buk","18","9","4","1","3","0","0","5","0",2020-05-04
41,"Jeon-nam","16","8","5","1","1","2","1","3","1",2020-05-04
41,"Gyeong-buk","1366","11","1224","566","466","192","0","131","0",2020-05-04
41,"Gyeong-nam","117","14","85","32","46","6","1","18","0",2020-05-04
41,"Jeju","13","8","1","0","0","0","1","4","0",2020-05-04
41,"Airport","462","462","0","0","0","0","0","0","4",2020-05-04
42,"Seoul","637","257","357","8","264","16","69","23","0",2020-05-05
42,"Busan","138","25","84","12","53","18","1","29","0",2020-05-05
42,"Daegu","6856","21","6116","4510","677","925","4","719","0",2020-05-05
42,"Incheon","97","45","48","2","34","5","7","4","1",2020-05-05
42,"Gwangju","30","14","16","9","0","1","6","0","0",2020-05-05
42,"Daejeon","40","10","21","2","11","8","0","9","0",2020-05-05
42,"Ulsan","44","13","24","16","2","3","3","7","0",2020-05-05
42,"Sejong","46","3","42","1","38","3","0","1","0",2020-05-05
42,"Gyeonggi","681","168","470","29","327","52","62","43","0",2020-05-05
42,"Gangwon","53","14","32","17","15","0","0","7","0",2020-05-05
42,"Chung-buk","45","5","32","6","18","6","2","8","0",2020-05-05
42,"Chung-nam","143","13","120","0","118","1","1","10","0",2020-05-05
42,"Jeon-buk","18","9","4","1","3","0","0","5","0",2020-05-05
42,"Jeon-nam","16","8","5","1","1","2","1","3","0",2020-05-05
42,"Gyeong-buk","1366","11","1224","566","466","192","0","131","0",2020-05-05
42,"Gyeong-nam","117","14","85","32","46","6","1","18","0",2020-05-05
42,"Jeju","13","8","1","0","0","0","1","4","0",2020-05-05
42,"Airport","464","464","0","0","0","0","0","0","2",2020-05-05
43,"Seoul","637","257","357","8","264","16","69","23","0",2020-05-06
43,"Busan","138","25","84","12","53","18","1","29","0",2020-05-06
43,"Daegu","6856","21","6116","4510","679","923","4","719","0",2020-05-06
43,"Incheon","97","45","48","2","34","5","7","4","0",2020-05-06
43,"Gwangju","30","14","16","9","0","1","6","0","0",2020-05-06
43,"Daejeon","40","10","21","2","11","8","0","9","0",2020-05-06
43,"Ulsan","44","13","24","16","2","3","3","7","0",2020-05-06
43,"Sejong","46","3","42","1","38","3","0","1","0",2020-05-06
43,"Gyeonggi","681","168","470","29","327","52","62","43","0",2020-05-06
43,"Gangwon","53","14","32","17","15","0","0","7","0",2020-05-06
43,"Chung-buk","45","5","32","6","18","6","2","8","0",2020-05-06
43,"Chung-nam","143","13","120","0","118","1","1","10","0",2020-05-06
43,"Jeon-buk","18","9","4","1","3","0","0","5","0",2020-05-06
43,"Jeon-nam","16","8","5","1","1","2","1","3","0",2020-05-06
43,"Gyeong-buk","1366","11","1224","566","468","190","0","131","0",2020-05-06
43,"Gyeong-nam","117","14","85","32","46","6","1","18","0",2020-05-06
43,"Jeju","13","8","1","0","0","0","1","4","0",2020-05-06
43,"Airport","466","466","0","0","0","0","0","0","2",2020-05-06
44,"Seoul","637","257","357","8","264","16","69","23","0",2020-05-07
44,"Busan","138","25","84","12","53","18","1","29","0",2020-05-07
44,"Daegu","6856","21","6115","4510","678","923","4","720","0",2020-05-07
44,"Incheon","97","45","48","2","34","5","7","4","0",2020-05-07
44,"Gwangju","30","14","16","9","0","1","6","0","0",2020-05-07
44,"Daejeon","41","11","21","2","11","8","0","9","1",2020-05-07
44,"Ulsan","44","13","24","16","2","3","3","7","0",2020-05-07
44,"Sejong","46","3","42","1","38","3","0","1","0",2020-05-07
44,"Gyeonggi","682","168","470","29","327","52","62","44","1",2020-05-07
44,"Gangwon","53","14","32","17","15","0","0","7","0",2020-05-07
44,"Chung-buk","46","6","32","6","18","6","2","8","1",2020-05-07
44,"Chung-nam","143","13","120","0","118","1","1","10","0",2020-05-07
44,"Jeon-buk","18","9","4","1","3","0","0","5","0",2020-05-07
44,"Jeon-nam","16","8","5","1","1","2","1","3","0",2020-05-07
44,"Gyeong-buk","1366","11","1224","566","468","190","0","131","0",2020-05-07
44,"Gyeong-nam","117","14","85","32","46","6","1","18","0",2020-05-07
44,"Jeju","13","8","1","0","0","0","1","4","0",2020-05-07
44,"Airport","467","467","0","0","0","0","0","0","1",2020-05-07
45,"Seoul","637","257","357","8","264","16","69","23","0",2020-05-08
45,"Busan","140","27","84","12","53","18","1","29","2",2020-05-08
45,"Daegu","6859","24","6115","4510","678","923","4","720","3",2020-05-08
45,"Incheon","97","45","48","2","34","5","7","4","0",2020-05-08
45,"Gwangju","30","14","16","9","0","1","6","0","0",2020-05-08
45,"Daejeon","41","11","21","2","11","8","0","9","0",2020-05-08
45,"Ulsan","44","13","24","16","2","3","3","7","0",2020-05-08
45,"Sejong","46","3","42","1","38","3","0","1","0",2020-05-08
45,"Gyeonggi","684","169","471","29","327","53","62","44","2",2020-05-08
45,"Gangwon","53","14","32","17","15","0","0","7","0",2020-05-08
45,"Chung-buk","47","7","32","6","18","6","2","8","1",2020-05-08
45,"Chung-nam","143","13","120","0","118","1","1","10","0",2020-05-08
45,"Jeon-buk","19","10","4","1","3","0","0","5","1",2020-05-08
45,"Jeon-nam","16","8","5","1","1","2","1","3","0",2020-05-08
45,"Gyeong-buk","1366","11","1224","566","468","190","0","131","0",2020-05-08
45,"Gyeong-nam","117","14","85","32","46","6","1","18","0",2020-05-08
45,"Jeju","13","8","1","0","0","0","1","4","0",2020-05-08
45,"Airport","470","470","0","0","0","0","0","0","3",2020-05-08
46,"Seoul","649","257","369","8","276","16","69","23","12",2020-05-09
46,"Busan","141","27","85","12","54","18","1","29","1",2020-05-09
46,"Daegu","6859","24","6115","4510","678","923","4","720","0",2020-05-09
46,"Incheon","98","45","49","2","35","5","7","4","1",2020-05-09
46,"Gwangju","30","14","16","9","0","1","6","0","0",2020-05-09
46,"Daejeon","41","11","21","2","11","8","0","9","0",2020-05-09
46,"Ulsan","44","13","24","16","2","3","3","7","0",2020-05-09
46,"Sejong","46","3","42","1","38","3","0","1","0",2020-05-09
46,"Gyeonggi","688","170","474","29","330","53","62","44","4",2020-05-09
46,"Gangwon","53","14","32","17","15","0","0","7","0",2020-05-09
46,"Chung-buk","47","7","32","6","18","6","2","8","0",2020-05-09
46,"Chung-nam","143","13","120","0","118","1","1","10","0",2020-05-09
46,"Jeon-buk","19","10","4","1","3","0","0","5","0",2020-05-09
46,"Jeon-nam","16","8","5","1","1","2","1","3","0",2020-05-09
46,"Gyeong-buk","1366","11","1224","566","468","190","0","131","0",2020-05-09
46,"Gyeong-nam","117","14","85","32","46","6","1","18","0",2020-05-09
46,"Jeju","13","8","1","0","0","0","1","4","0",2020-05-09
46,"Airport","470","470","0","0","0","0","0","0","0",2020-05-09
47,"Seoul","663","259","381","8","288","16","69","23","14",2020-05-10
47,"Busan","141","27","85","12","54","18","1","29","0",2020-05-10
47,"Daegu","6861","24","6115","4510","678","923","4","722","2",2020-05-10
47,"Incheon","101","45","52","2","38","5","7","4","3",2020-05-10
47,"Gwangju","30","14","16","9","0","1","6","0","0",2020-05-10
47,"Daejeon","41","11","21","2","11","8","0","9","0",2020-05-10
47,"Ulsan","44","13","24","16","2","3","3","7","0",2020-05-10
47,"Sejong","46","3","42","1","38","3","0","1","0",2020-05-10
47,"Gyeonggi","694","170","480","29","337","52","62","44","6",2020-05-10
47,"Gangwon","53","14","32","17","15","0","0","7","0",2020-05-10
47,"Chung-buk","49","7","34","6","20","6","2","8","2",2020-05-10
47,"Chung-nam","143","13","120","118","1","1","10","0","research center in Seosan (9)",2020-05-10
47,"Jeon-buk","19","10","4","1","3","0","0","5","0",2020-05-10
47,"Jeon-nam","16","8","5","1","1","2","1","3","0",2020-05-10
47,"Gyeong-buk","1366","11","1224","566","468","190","0","131","0",2020-05-10
47,"Gyeong-nam","117","14","85","32","46","6","1","18","0",2020-05-10
47,"Jeju","14","8","2","0","1","0","1","4","1",2020-05-10
47,"Airport","476","476","0","0","0","0","0","0","6",2020-05-10
48,"Seoul","683","259","401","8","308","16","69","23","20",2020-05-11
48,"Busan","141","27","85","12","54","18","1","29","0",2020-05-11
48,"Daegu","6861","24","6115","4510","678","923","4","722","0",2020-05-11
48,"Incheon","104","46","54","2","40","5","7","4","3",2020-05-11
48,"Gwangju","30","14","16","9","0","1","6","0","0",2020-05-11
48,"Daejeon","41","11","21","2","11","8","0","9","0",2020-05-11
48,"Ulsan","44","13","24","16","2","3","3","7","0",2020-05-11
48,"Sejong","47","4","42","1","38","3","0","1","1",2020-05-11
48,"Gyeonggi","698","170","484","29","341","52","62","44","4",2020-05-11
48,"Gangwon","54","15","32","17","15","0","0","7","1",2020-05-11
48,"Chung-buk","52","7","37","6","23","6","2","8","3",2020-05-11
48,"Chung-nam","143","13","120","0","118","1","1","10","0",2020-05-11
48,"Jeon-buk","19","10","4","1","3","0","0","5","0",2020-05-11
48,"Jeon-nam","16","8","5","1","1","2","1","3","0",2020-05-11
48,"Gyeong-buk","1366","11","1224","566","468","190","0","131","0",2020-05-11
48,"Gyeong-nam","117","14","85","32","46","6","1","18","0",2020-05-11
48,"Jeju","14","8","2","0","1","0","1","4","0",2020-05-11
48,"Airport","479","479","0","0","0","0","0","0","3",2020-05-11
49,"Seoul","695","259","413","8","320","16","69","23","12",2020-05-12
49,"Busan","141","27","85","12","54","18","1","29","0",2020-05-12
49,"Daegu","6862","24","6115","4510","678","923","4","723","1",2020-05-12
49,"Incheon","105","46","55","2","41","5","7","4","1",2020-05-12
49,"Gwangju","30","14","16","9","0","1","6","0","0",2020-05-12
49,"Daejeon","43","13","21","2","11","8","0","9","2",2020-05-12
49,"Ulsan","44","13","24","16","2","3","3","7","0",2020-05-12
49,"Sejong","47","4","42","1","38","3","0","1","0",2020-05-12
49,"Gyeonggi","706","170","492","29","349","52","62","44","8",2020-05-12
49,"Gangwon","54","15","32","17","15","0","0","7","0",2020-05-12
49,"Chung-buk","52","7","37","6","23","6","2","8","0",2020-05-12
49,"Chung-nam","143","13","120","0","118","1","1","10","0",2020-05-12
49,"Jeon-buk","19","10","4","1","3","0","0","5","0",2020-05-12
49,"Jeon-nam","16","8","5","1","1","2","1","3","0",2020-05-12
49,"Gyeong-buk","1367","12","1224","566","468","190","0","131","1",2020-05-12
49,"Gyeong-nam","118","15","85","32","46","6","1","18","1",2020-05-12
49,"Jeju","14","8","2","0","1","0","1","4","0",2020-05-12
49,"Airport","480","480","0","0","0","0","0","0","1",2020-05-12
50,"Seoul","707","259","425","8","332","16","69","23","12",2020-05-13
50,"Busan","144","27","88","12","57","18","1","29","3",2020-05-13
50,"Daegu","6865","25","6117","4510","678","925","4","723","3",2020-05-13
50,"Incheon","107","46","55","2","41","5","7","6","2",2020-05-13
50,"Gwangju","30","14","16","9","0","1","6","0","0",2020-05-13
50,"Daejeon","43","13","21","2","11","8","0","9","0",2020-05-13
50,"Ulsan","45","14","24","16","2","3","3","7","1",2020-05-13
50,"Sejong","47","4","42","1","38","3","0","1","0",2020-05-13
50,"Gyeonggi","708","171","493","29","350","52","62","44","2",2020-05-13
50,"Gangwon","54","15","32","17","15","0","0","7","0",2020-05-13
50,"Chung-buk","52","7","37","6","23","6","2","8","0",2020-05-13
50,"Chung-nam","143","13","120","0","118","1","1","10","0",2020-05-13
50,"Jeon-buk","20","10","5","1","4","0","0","5","1",2020-05-13
50,"Jeon-nam","16","8","5","1","1","2","1","3","0",2020-05-13
50,"Gyeong-buk","1367","12","1224","566","468","190","0","131","0",2020-05-13
50,"Gyeong-nam","119","15","86","32","47","6","1","18","1",2020-05-13
50,"Jeju","14","8","2","0","1","0","1","4","0",2020-05-13
50,"Airport","481","481","0","0","0","0","0","0","1",2020-05-13
51,"Seoul","711","260","428","8","335","16","69","23","4",2020-05-14
51,"Busan","144","27","88","12","57","18","1","29","0",2020-05-14
51,"Daegu","6865","25","6116","4510","678","924","4","724","0",2020-05-14
51,"Incheon","119","46","67","2","52","6","7","6","12",2020-05-14
51,"Gwangju","30","14","16","9","0","1","6","0","0",2020-05-14
51,"Daejeon","43","13","21","2","11","8","0","9","0",2020-05-14
51,"Ulsan","45","14","24","16","2","3","3","7","0",2020-05-14
51,"Sejong","47","4","42","1","38","3","0","1","0",2020-05-14
51,"Gyeonggi","714","171","499","29","356","52","62","44","6",2020-05-14
51,"Gangwon","55","15","33","17","16","0","0","7","1",2020-05-14
51,"Chung-buk","55","7","40","6","26","6","2","8","3",2020-05-14
51,"Chung-nam","144","13","121","0","119","1","1","10","1",2020-05-14
51,"Jeon-buk","20","10","5","1","4","0","0","5","0",2020-05-14
51,"Jeon-nam","17","9","5","1","1","2","1","3","1",2020-05-14
51,"Gyeong-buk","1368","13","1224","566","468","190","0","131","1",2020-05-14
51,"Gyeong-nam","119","15","86","32","47","6","1","18","0",2020-05-14
51,"Jeju","14","8","2","0","1","0","1","4","0",2020-05-14
51,"Airport","481","481","0","0","0","0","0","0","0",2020-05-14
52,"Seoul","725","260","441","8","348","16","69","24","14",2020-05-15
52,"Busan","144","27","88","12","57","18","1","29","0",2020-05-15
52,"Daegu","6868","25","6119","4510","678","927","4","724","3",2020-05-15
52,"Incheon","124","47","71","2","56","6","7","6","5",2020-05-15
52,"Gwangju","30","14","16","9","0","1","6","0","0",2020-05-15
52,"Daejeon","43","13","21","2","11","8","0","9","0",2020-05-15
52,"Ulsan","45","14","24","16","2","3","3","7","0",2020-05-15
52,"Sejong","47","4","42","1","38","3","0","1","0",2020-05-15
52,"Gyeonggi","717","173","499","29","356","52","62","45","3",2020-05-15
52,"Gangwon","55","15","33","17","16","0","0","7","0",2020-05-15
52,"Chung-buk","55","7","40","6","26","6","2","8","0",2020-05-15
52,"Chung-nam","144","13","121","0","119","1","1","10","0",2020-05-15
52,"Jeon-buk","20","10","5","1","4","0","0","5","0",2020-05-15
52,"Jeon-nam","18","10","5","1","1","2","1","3","1",2020-05-15
52,"Gyeong-buk","1368","13","1224","566","468","190","0","131","0",2020-05-15
52,"Gyeong-nam","119","15","86","32","47","6","1","18","0",2020-05-15
52,"Jeju","14","8","2","0","1","0","1","4","0",2020-05-15
52,"Airport","482","482","0","0","0","0","0","0","1",2020-05-15
53,"Seoul","730","260","446","8","353","16","69","24","5",2020-05-16
53,"Busan","144","27","88","12","57","18","1","29","0",2020-05-16
53,"Daegu","6869","25","6120","4510","678","928","4","724","1",2020-05-16
53,"Incheon","124","47","72","2","57","6","7","5","0",2020-05-16
53,"Gwangju","30","14","16","9","0","1","6","0","0",2020-05-16
53,"Daejeon","43","13","21","2","11","8","0","9","0",2020-05-16
53,"Ulsan","45","14","24","16","2","3","3","7","0",2020-05-16
53,"Sejong","47","4","42","1","38","3","0","1","0",2020-05-16
53,"Gyeonggi","721","175","500","29","357","52","62","46","4",2020-05-16
53,"Gangwon","55","15","33","17","16","0","0","7","0",2020-05-16
53,"Chung-buk","56","7","41","6","27","6","2","8","1",2020-05-16
53,"Chung-nam","144","13","121","0","119","1","1","10","0",2020-05-16
53,"Jeon-buk","20","10","5","1","4","0","0","5","0",2020-05-16
53,"Jeon-nam","18","10","5","1","1","2","1","3","0",2020-05-16
53,"Gyeong-buk","1368","13","4","566","468","190","0","131","0",2020-05-16
53,"Gyeong-nam","119","15","86","32","47","6","1","18","0",2020-05-16
53,"Jeju","14","8","2","0","1","0","1","4","0",2020-05-16
53,"Airport","490","490","0","0","0","0","0","0","8",2020-05-16
54,"Seoul","735","261","450","8","357","16","69","24","5",2020-05-17
54,"Busan","144","27","88","12","57","18","1","29","0",2020-05-17
54,"Daegu","6870","25","6120","4510","678","928","4","725","1",2020-05-17
54,"Incheon","124","47","72","2","57","6","7","5","0",2020-05-17
54,"Gwangju","30","14","16","9","0","1","6","0","0",2020-05-17
54,"Daejeon","44","13","22","2","12","8","0","9","1",2020-05-17
54,"Ulsan","45","14","24","16","2","3","3","7","0",2020-05-17
54,"Sejong","47","4","42","1","38","3","0","1","0",2020-05-17
54,"Gyeonggi","721","175","500","29","357","52","62","46","0",2020-05-17
54,"Gangwon","55","15","33","17","16","0","0","7","0",2020-05-17
54,"Chung-buk","56","7","41","6","27","6","2","8","0",2020-05-17
54,"Chung-nam","144","13","121","0","119","1","1","10","0",2020-05-17
54,"Jeon-buk","20","10","5","1","4","0","0","5","0",2020-05-17
54,"Jeon-nam","18","10","5","1","1","2","1","3","0",2020-05-17
54,"Gyeong-buk","1368","13","1224","566","468","190","0","131","0",2020-05-17
54,"Gyeong-nam","121","17","86","32","47","6","1","18","2",2020-05-17
54,"Jeju","14","8","2","0","1","0","1","4","0",2020-05-17
54,"Airport","494","494","0","0","0","0","0","0","4",2020-05-17
55,"Seoul","736","262","450","8","357","16","69","24","1",2020-05-18
55,"Busan","144","27","88","12","57","18","1","29","0",2020-05-18
55,"Daegu","6871","25","6115","4510","678","923","4","731","1",2020-05-18
55,"Incheon","124","47","72","2","57","6","7","5","0",2020-05-18
55,"Gwangju","30","14","16","9","0","1","6","0","0",2020-05-18
55,"Daejeon","44","13","22","2","12","8","0","9","0",2020-05-18
55,"Ulsan","45","14","24","16","2","3","3","7","0",2020-05-18
55,"Sejong","47","4","42","1","38","3","0","1","0",2020-05-18
55,"Gyeonggi","724","176","502","29","359","52","62","46","3",2020-05-18
55,"Gangwon","55","15","33","17","16","0","0","7","0",2020-05-18
55,"Chung-buk","59","8","42","6","27","7","2","9","3",2020-05-18
55,"Chung-nam","144","13","121","0","119","1","1","10","0",2020-05-18
55,"Jeon-buk","20","10","5","1","4","0","0","5","0",2020-05-18
55,"Jeon-nam","18","10","5","1","1","2","1","3","0",2020-05-18
55,"Gyeong-buk","1368","13","1224","566","468","190","0","131","0",2020-05-18
55,"Gyeong-nam","121","17","86","32","47","6","1","18","0",2020-05-18
55,"Jeju","14","8","2","0","1","0","1","4","0",2020-05-18
55,"Airport","501","501","0","0","0","0","0","0","7",2020-05-18
56,"Seoul","742","262","455","8","361","17","69","25","6",2020-05-19
56,"Busan","144","27","88","12","57","18","1","29","0",2020-05-19
56,"Daegu","6871","25","6115","4510","678","923","4","731","0",2020-05-19
56,"Incheon","126","47","74","2","59","6","7","5","2",2020-05-19
56,"Gwangju","30","14","16","9","0","1","6","0","0",2020-05-19
56,"Daejeon","44","13","22","2","12","8","0","9","0",2020-05-19
56,"Ulsan","49","18","24","16","2","3","3","7","4",2020-05-19
56,"Sejong","47","4","42","1","38","3","0","1","0",2020-05-19
56,"Gyeonggi","725","176","503","29","360","52","62","46","1",2020-05-19
56,"Gangwon","55","15","33","17","16","0","0","7","0",2020-05-19
56,"Chung-buk","59","8","42","6","27","7","2","9","0",2020-05-19
56,"Chung-nam","144","13","121","0","119","1","1","10","0",2020-05-19
56,"Jeon-buk","20","10","5","1","4","0","0","5","0",2020-05-19
56,"Jeon-nam","18","10","5","1","1","2","1","3","0",2020-05-19
56,"Gyeong-buk","1368","13","1224","566","468","190","0","131","0",2020-05-19
56,"Gyeong-nam","121","17","86","32","47","6","1","18","0",2020-05-19
56,"Jeju","14","8","2","0","1","0","1","4","0",2020-05-19
56,"Airport","501","501","0","0","0","0","0","0","0",2020-05-19
57,"Seoul","752","266","460","8","366","17","69","26","10",2020-05-20
57,"Busan","144","27","88","12","57","18","1","29","0",2020-05-20
57,"Daegu","6872","25","6115","4510","678","923","4","732","1",2020-05-20
57,"Incheon","134","47","82","2","67","6","7","5","8",2020-05-20
57,"Gwangju","30","14","16","9","0","1","6","0","0",2020-05-20
57,"Daejeon","44","13","22","2","12","8","0","9","0",2020-05-20
57,"Ulsan","49","18","24","16","2","3","3","7","0",2020-05-20
57,"Sejong","47","4","42","1","38","3","0","1","0",2020-05-20
57,"Gyeonggi","735","178","510","29","367","52","62","47","10",2020-05-20
57,"Gangwon","55","15","33","17","16","0","0","7","0",2020-05-20
57,"Chung-buk","59","8","42","6","27","7","2","9","0",2020-05-20
57,"Chung-nam","144","13","121","0","119","1","1","10","0",2020-05-20
57,"Jeon-buk","21","10","6","1","5","0","0","5","1",2020-05-20
57,"Jeon-nam","18","10","5","1","1","2","1","3","0",2020-05-20
57,"Gyeong-buk","1368","13","1224","566","468","190","0","131","0",2020-05-20
57,"Gyeong-nam","121","17","86","32","47","6","1","18","0",2020-05-20
57,"Jeju","14","8","2","0","1","0","1","4","0",2020-05-20
57,"Airport","503","503","0","0","0","0","0","0","2",2020-05-20
58,"Seoul","756","267","463","8","369","17","69","26","4",2020-05-21
58,"Busan","144","27","88","12","57","18","1","29","0",2020-05-21
58,"Daegu","6872","25","6115","4510","678","923","4","732","0",2020-05-21
58,"Incheon","140","47","88","2","73","6","7","5","6",2020-05-21
58,"Gwangju","30","14","16","9","0","1","6","0","0",2020-05-21
58,"Daejeon","44","13","22","2","12","8","0","9","0",2020-05-21
58,"Ulsan","49","18","24","16","2","3","3","7","0",2020-05-21
58,"Sejong","47","4","42","1","38","3","0","1","0",2020-05-21
58,"Gyeonggi","735","178","510","29","367","52","62","47","0",2020-05-21
58,"Gangwon","55","15","33","17","16","0","0","7","0",2020-05-21
58,"Chung-buk","59","8","42","6","27","7","2","9","0",2020-05-21
58,"Chung-nam","145","13","122","0","120","1","1","10","1",2020-05-21
58,"Jeon-buk","21","10","6","1","5","0","0","5","0",2020-05-21
58,"Jeon-nam","18","10","5","1","1","2","1","3","0",2020-05-21
58,"Gyeong-buk","1368","13","1224","566","468","190","0","131","0",2020-05-21
58,"Gyeong-nam","121","17","86","32","47","6","1","18","0",2020-05-21
58,"Jeju","14","8","2","0","1","0","1","4","0",2020-05-21
58,"Airport","504","504","0","0","0","0","0","0","1",2020-05-21
59,"Seoul","758","268","463","8","369","17","69","27","2",2020-05-22
59,"Busan","144","27","88","12","57","18","1","29","0",2020-05-22
59,"Daegu","6872","25","6115","4510","678","923","4","732","0",2020-05-22
59,"Incheon","141","47","89","2","74","6","7","5","1",2020-05-22
59,"Gwangju","30","14","16","9","0","1","6","0","0",2020-05-22
59,"Daejeon","44","13","22","2","12","8","0","9","0",2020-05-22
59,"Ulsan","50","19","24","16","2","3","3","7","1",2020-05-22
59,"Sejong","741","178","516","29","371","54","62","47","6",2020-05-22
59,"Gyeonggi","55","15","33","17","16","0","0","7","0",2020-05-22
59,"Gangwon","59","8","42","6","27","7","2","9","0",2020-05-22
59,"Chung-buk","145","13","122","0","120","1","1","10","0",2020-05-22
59,"Chung-nam","21","10","6","1","5","0","0","5","0",2020-05-22
59,"Jeon-buk","18","10","5","1","1","2","1","3","0",2020-05-22
59,"Jeon-nam","1370","13","1225","566","468","191","0","132","2",2020-05-22
59,"Gyeong-buk","122","17","87","32","48","6","1","18","1",2020-05-22
59,"Gyeong-nam","14","8","2","0","1","0","1","4","0",2020-05-22
59,"Jeju","511","511","0","0","0","0","0","0","7",2020-05-22
59,"Airport",NA,NA,NA,NA,NA,NA,NA,NA,NA,2020-05-22
60,"Seoul","762","268","467","8","373","17","69","27","4",2020-05-23
60,"Busan","144","27","88","12","57","18","1","29","0",2020-05-23
60,"Daegu","6873","25","611","4510","678","924","4","732","1",2020-05-23
60,"Incheon","141","47","89","2","74","6","7","5","0",2020-05-23
60,"Gwangju","30","14","16","9","0","1","6","0","0",2020-05-23
60,"Daejeon","45","14","22","2","12","8","0","9","1",2020-05-23
60,"Ulsan","50","19","24","16","2","3","3","7","0",2020-05-23
60,"Sejong","47","4","42","1","38","3","0","1","0",2020-05-23
60,"Gyeonggi","754","178","528","29","385","52","62","48","13",2020-05-23
60,"Gangwon","55","15","33","17","16","0","0","7","0",2020-05-23
60,"Chung-buk","59","8","42","6","27","7","2","9","0",2020-05-23
60,"Chung-nam","145","13","122","0","120","1","1","10","0",2020-05-23
60,"Jeon-buk","21","10","6","1","5","0","0","5","0",2020-05-23
60,"Jeon-nam","18","10","5","1","1","2","1","3","0",2020-05-23
60,"Gyeong-buk","1370","13","5","566","468","191","0","132","0",2020-05-23
60,"Gyeong-nam","123","17","87","32","48","6","1","19","1",2020-05-23
60,"Jeju","14","8","2","0","1","0","1","4","0",2020-05-23
60,"Airport","514","514","0","0","0","0","0","0","3",2020-05-23
61,"Seoul","768","270","471","8","377","17","69","27","6",2020-05-24
61,"Busan","144","27","88","12","57","18","1","29","0",2020-05-24
61,"Daegu","6873","25","6117","4510","682","921","4","731","0",2020-05-24
61,"Incheon","143","47","91","2","76","6","7","5","2",2020-05-24
61,"Gwangju","30","14","16","9","0","1","6","0","0",2020-05-24
61,"Daejeon","45","14","22","2","12","8","0","9","0",2020-05-24
61,"Ulsan","50","19","24","16","2","3","3","7","0",2020-05-24
61,"Sejong","47","4","42","1","38","3","0","1","0",2020-05-24
61,"Gyeonggi","760","179","533","29","390","52","62","48","6",2020-05-24
61,"Gangwon","56","16","33","17","16","0","0","7","1",2020-05-24
61,"Chung-buk","59","8","42","6","27","7","2","9","0",2020-05-24
61,"Chung-nam","145","13","122","0","120","1","1","10","0",2020-05-24
61,"Jeon-buk","21","10","6","1","5","0","0","5","0",2020-05-24
61,"Jeon-nam","18","10","5","1","1","2","1","3","0",2020-05-24
61,"Gyeong-buk","1376","13","1231","566","474","191","0","132","6",2020-05-24
61,"Gyeong-nam","123","17","87","32","48","6","1","19","0",2020-05-24
61,"Jeju","14","8","2","0","1","0","1","4","0",2020-05-24
61,"Airport","518","518","0","0","0","0","0","0","4",2020-05-24
62,"Seoul","774","270","476","8","382","17","69","28","6",2020-05-25
62,"Busan","144","27","88","12","57","18","1","29","0",2020-05-25
62,"Daegu","6874","25","6120","4510","682","924","4","731","1",2020-05-25
62,"Incheon","144","47","92","2","77","6","7","5","1",2020-05-25
62,"Gwangju","30","14","16","9","0","1","6","0","0",2020-05-25
62,"Daejeon","45","14","22","2","12","8","0","9","0",2020-05-25
62,"Ulsan","50","19","24","16","2","3","3","7","0",2020-05-25
62,"Sejong","47","4","42","1","38","3","0","1","0",2020-05-25
62,"Gyeonggi","766","181","537","29","394","52","62","48","6",2020-05-25
62,"Gangwon","56","16","33","17","16","0","0","7","0",2020-05-25
62,"Chung-buk","59","8","42","6","27","7","2","9","0",2020-05-25
62,"Chung-nam","145","13","122","0","120","1","1","10","0",2020-05-25
62,"Jeon-buk","21","10","6","1","5","0","0","5","0",2020-05-25
62,"Jeon-nam","18","10","5","1","1","2","1","3","0",2020-05-25
62,"Gyeong-buk","1377","13","1232","566","475","191","0","132","1",2020-05-25
62,"Gyeong-nam","123","17","87","32","48","6","1","19","0",2020-05-25
62,"Jeju","14","8","2","0","1","0","1","4","0",2020-05-25
62,"Airport","519","519","0","0","0","0","0","0","1",2020-05-25
63,"Seoul","783","271","485","8","390","18","69","27","9",2020-05-26
63,"Busan","144","27","88","12","57","18","1","29","0",2020-05-26
63,"Daegu","6875","25","6119","4510","685","920","4","731","1",2020-05-26
63,"Incheon","147","47","95","2","80","6","7","5","3",2020-05-26
63,"Gwangju","30","14","16","9","0","1","6","0","0",2020-05-26
63,"Daejeon","45","14","22","2","12","8","0","9","0",2020-05-26
63,"Ulsan","50","19","24","16","2","3","3","7","0",2020-05-26
63,"Sejong","47","4","42","1","38","3","0","1","0",2020-05-26
63,"Gyeonggi","768","181","539","29","396","52","62","48","2",2020-05-26
63,"Gangwon","56","16","33","17","16","0","0","7","0",2020-05-26
63,"Chung-buk","60","8","42","6","27","7","2","10","1",2020-05-26
63,"Chung-nam","145","13","122","0","120","1","1","10","0",2020-05-26
63,"Jeon-buk","21","10","6","1","5","0","0","5","0",2020-05-26
63,"Jeon-nam","18","10","5","1","1","2","1","3","0",2020-05-26
63,"Gyeong-buk","1378","13","1232","566","476","190","0","133","1",2020-05-26
63,"Gyeong-nam","123","17","87","32","48","6","1","19","0",2020-05-26
63,"Jeju","14","8","2","0","1","0","1","4","0",2020-05-26
63,"Airport","521","521","0","0","0","0","0","0","2",2020-05-26
64,"Seoul","802","271","501","8","403","21","69","30","19",2020-05-27
64,"Busan","144","27","88","12","57","18","1","29","0",2020-05-27
64,"Daegu","6878","26","6119","4510","685","920","4","733","3",2020-05-27
64,"Incheon","158","48","105","2","90","6","7","5","11",2020-05-27
64,"Gwangju","30","14","16","9","0","1","6","0","0",2020-05-27
64,"Daejeon","45","14","22","2","12","8","0","9","0",2020-05-27
64,"Ulsan","50","19","24","16","2","3","3","7","0",2020-05-27
64,"Sejong","47","4","42","1","38","3","0","1","0",2020-05-27
64,"Gyeonggi","774","181","544","29","397","56","62","49","6",2020-05-27
64,"Gangwon","56","16","33","17","16","0","0","7","0",2020-05-27
64,"Chung-buk","60","8","42","6","27","7","2","10","0",2020-05-27
64,"Chung-nam","145","13","122","0","120","1","1","10","0",2020-05-27
64,"Jeon-buk","21","10","6","1","5","0","0","5","0",2020-05-27
64,"Jeon-nam","18","10","5","1","1","2","1","3","0",2020-05-27
64,"Gyeong-buk","1378","13","1233","566","477","190","0","132","0",2020-05-27
64,"Gyeong-nam","123","17","87","32","48","6","1","19","0",2020-05-27
64,"Jeju","14","8","2","0","1","0","1","4","0",2020-05-27
64,"Airport","522","522","0","0","0","0","0","0","1",2020-05-27
65,"Seoul","826","273","520","8","425","18","69","33","24",2020-05-28
65,"Busan","145","28","88","12","57","18","1","29","1",2020-05-28
65,"Daegu","6880","26","6118","4510","684","920","4","736","2",2020-05-28
65,"Incheon","180","48","127","2","112","6","7","5","22",2020-05-28
65,"Gwangju","30","14","16","9","0","1","6","0","0",2020-05-28
65,"Daejeon","45","14","22","2","12","8","0","9","0",2020-05-28
65,"Ulsan","50","19","24","16","2","3","3","7","0",2020-05-28
65,"Sejong","47","4","42","1","38","3","0","1","0",2020-05-28
65,"Gyeonggi","795","181","566","29","423","52","62","48","21",2020-05-28
65,"Gangwon","56","16","33","17","16","0","0","7","0",2020-05-28
65,"Chung-buk","60","8","42","6","27","7","2","10","0",2020-05-28
65,"Chung-nam","146","13","123","0","121","1","1","10","1",2020-05-28
65,"Jeon-buk","21","10","6","1","5","0","0","5","0",2020-05-28
65,"Jeon-nam","18","10","5","1","1","2","1","3","0",2020-05-28
65,"Gyeong-buk","1379","14","1233","566","477","190","0","132","1",2020-05-28
65,"Gyeong-nam","123","17","87","32","48","6","1","19","0",2020-05-28
65,"Jeju","14","8","2","0","1","0","1","4","0",2020-05-28
65,"Airport","529","529","0","0","0","0","0","0","7",2020-05-28
